N,load_ms,build_ms,write_ms,total_ms
100,0.563782,0.059098,0,0.62288
1000,2.82278,4.78289,0,7.60567
10000,6.45657,482.707,0,489.164
100000,48.8751,49596.7,0,49645.6
